{
    "rmse": 0.8226236629750553,
    "mae": 0.6668395673983388,
    "r2": 0.034080396615872255
}